ID,Название,Категория,HellToken,Frame,Art,Tags,Description
CARD_DECK_001,Перепланировка,Deck Management,1.0,Frame_Blue_Artist.png,Resources/Art/UI/Cards/Art/CARD_DECK_001.png,"Deck, Search, Control","Верни 1 другую карту из руки в Библиотеку, затем выбери любую карту из Библиотеки и возьми её в руку."
CARD_DECK_002,Второй дубль,Deck Management,1.25,Frame_Blue_Artist.png,Resources/Art/UI/Cards/Art/CARD_DECK_002.png,"Deck, Recover",Верни 1 карту из «Использовано» обратно в Библиотеку.
CARD_DECK_003,Срочный сценарий,Deck Management,1.5,Frame_Blue_Artist.png,Resources/Art/UI/Cards/Art/CARD_DECK_003.png,"Deck, Search","Посмотри 3 случайные карты из Библиотеки. Одну возьми в руку, остальные верни."
CARD_DECK_004,Выкинуть из сценария,Deck Management,1.0,Frame_Blue_Artist.png,Resources/Art/UI/Cards/Art/CARD_DECK_004.png,"Deck, Cycle",Отправь 1 другую карту из руки в Использовано и добери 2 случайные карты из Библиотеки.
CARD_DECK_005,Держим в запасе,Deck Management,0.75,Frame_Blue_Artist.png,Resources/Art/UI/Cards/Art/CARD_DECK_005.png,"Deck, Retain, Protect",Выбранная карта получает Retain и не теряется при следующем эффекте сброса руки.
CARD_PROV_001,Провокационный вопрос,Provocation,1.5,Frame_Red_Artist.png,Resources/Art/UI/Cards/Art/CARD_PROV_001.png,"Public, Provocation, Conflict",Задай неудобный вопрос выбранному актёру. Повышает Anger и Stress.
CARD_PROV_002,Задеть за живое,Provocation,1.25,Frame_Red_Artist.png,Resources/Art/UI/Cards/Art/CARD_PROV_002.png,"Pressure, Emotional",Усиль самую высокую негативную эмоцию цели.
CARD_PROV_003,Сказать это при всех,Provocation,1.75,Frame_Red_Artist.png,Resources/Art/UI/Cards/Art/CARD_PROV_003.png,"Public, Humiliation",Публично унизь выбранного актёра.
CARD_PROV_004,Столкнуть лбами,Provocation,2.0,Frame_Red_Artist.png,Resources/Art/UI/Cards/Art/CARD_PROV_004.png,"Conflict, Social, Rivalry",Подтолкни двух участников к спору и усили их Hostility.
CARD_SOC_001,Оставить наедине,Social,0.75,Frame_Green_Artist.png,Resources/Art/UI/Cards/Art/CARD_SOC_001.png,"Private, Romance, SocialSetup",Оставь двух участников наедине на короткое время.
CARD_SOC_002,Неловкий комплимент,Social,1.0,Frame_Green_Artist.png,Resources/Art/UI/Cards/Art/CARD_SOC_002.png,"Flirt, Awkward",Подтолкни персонажа к неловкому комплименту.
CARD_SOC_003,Мирись давай,Social,1.25,Frame_Green_Artist.png,Resources/Art/UI/Cards/Art/CARD_SOC_003.png,"Reconcile, Control",Попробуй примирить двух участников.
CARD_REVEAL_001,Показать переписку,Reveal / Secret,2.25,Frame_Blue_Artist.png,Resources/Art/UI/Cards/Art/CARD_REVEAL_001.png,"Secret, Reveal, Betrayal, Public",Покажи личную переписку участника при камерах.
CARD_REVEAL_002,Слух из надёжного источника,Reveal / Secret,1.0,Frame_Blue_Artist.png,Resources/Art/UI/Cards/Art/CARD_REVEAL_002.png,"Rumour, Suspicious, Secret",Подкинь слух без доказательств. Цель становится подозрительной.
CARD_REVEAL_003,Вопрос в исповедальной,Reveal / Secret,1.25,Frame_Blue_Artist.png,Resources/Art/UI/Cards/Art/CARD_REVEAL_003.png,"Private, Confession, Secret",Задай прямой вопрос в приватной обстановке и подтолкни актёра к признанию.
CARD_ENV_001,Ящик адского алкоголя,Environment,2.5,Frame_Blue_Artist.png,Resources/Art/UI/Cards/Art/CARD_ENV_001.png,"Alcohol, Party, Disinhibition",Поставь ящик алкоголя. Актёры рядом хуже контролируют эмоции.
CARD_ENV_002,Романтический диван,Environment,1.75,Frame_Blue_Artist.png,Resources/Art/UI/Cards/Art/CARD_ENV_002.png,"Romance, Comfort, Social","Поставь диван, который повышает шанс приватных и романтических взаимодействий."
CARD_ENV_003,Открытый микрофон,Environment,1.5,Frame_Blue_Artist.png,Resources/Art/UI/Cards/Art/CARD_ENV_003.png,"Public, Confession, Argument",Поставь микрофон: разговоры рядом чаще превращаются в признания или споры.
CARD_ENV_004,Коробка с подарком,Environment,1.25,Frame_Blue_Artist.png,Resources/Art/UI/Cards/Art/CARD_ENV_004.png,"Gift, Jealousy, Theft","Поставь подарок, который NPC могут подарить, украсть или разбить."
CARD_ENV_005,Караоке-машина,Environment,2.0,Frame_Blue_Artist.png,Resources/Art/UI/Cards/Art/CARD_ENV_005.png,"Party, Comedy, Public, Attention",Поставь караоке. NPC могут выйти петь и привлечь внимание комнаты.
CARD_CHAOS_001,Красная кнопка «НЕ НАЖИМАТЬ»,Chaos / Comedy,2.25,Frame_Red_Artist.png,Resources/Art/UI/Cards/Art/CARD_CHAOS_001.png,"Chaos, Curiosity, Risk",Поставь подозрительную кнопку. Curious/Chaotic NPC могут нажать её сами.
CARD_CHAOS_002,Подлить масла в огонь,Chaos / Comedy,1.25,Frame_Red_Artist.png,Resources/Art/UI/Cards/Art/CARD_CHAOS_002.png,"Chain, Conflict, Amplify",Следующий негативный World Event цели становится сильнее.
CARD_CTRL_001,Убрать камеры на минутку,Control,1.25,Frame_Green_Artist.png,Resources/Art/UI/Cards/Art/CARD_CTRL_001.png,"Private, Safe, Confession","Сделай зону временно «непубличной»: стеснительные актёры расслабляются, признания вероятнее."
CARD_CTRL_002,Сменить тему,Control,0.75,Frame_Green_Artist.png,Resources/Art/UI/Cards/Art/CARD_CTRL_002.png,"Calm, Interrupt",Прерви слабую социальную цепочку и снизь одну негативную эмоцию.
CARD_SP_001,Постер «Leviathan»,Sponsor,0.5,Frame_Blue_Artist.png,Resources/Art/UI/Cards/Art/CARD_SP_001.png,"Sponsor, Environment, InfernoShipyards","Размести рекламный постер Leviathan. Кадры, где он читаемо виден, получают sponsor tag."
CARD_SP_002,Hell Cola — Холодильник,Sponsor,0.75,Frame_Blue_Artist.png,Resources/Art/UI/Cards/Art/CARD_SP_002.png,"Sponsor, Environment, ProductPlacement","Поставь брендированный холодильник. NPC могут брать напитки, а кадры с продуктом засчитываются спонсору."
CARD_SP_003,Скажите название бренда,Sponsor,1.0,Frame_Blue_Artist.png,Resources/Art/UI/Cards/Art/CARD_SP_003.png,"Sponsor, Public, Comedy",Попроси актёра попытаться органично упомянуть бренд в разговоре.
CARD_ENV_006,Разлить масло,Environment,1.25,Frame_Blue_Artist.png,Resources/Art/UI/Cards/Art/CARD_ENV_006.png,"Slippery, Risk, Comedy, Chaos","Создай скользкую лужу. Актёры, проходящие через неё, могут поскользнуться."
CARD_ENV_007,Запереть дверь,Environment,1.5,Frame_Blue_Artist.png,Resources/Art/UI/Cards/Art/CARD_ENV_007.png,"Pressure, Private, Control",Временно запри выбранную комнату. Актёры внутри не могут выйти.
CARD_ENV_008,Романтический плейлист,Environment,1.25,Frame_Blue_Artist.png,Resources/Art/UI/Cards/Art/CARD_ENV_008.png,"Romance, Music, Social",Включи романтическую музыку в выбранной зоне.
CARD_ENV_009,Тревожный свет,Environment,1.5,Frame_Blue_Artist.png,Resources/Art/UI/Cards/Art/CARD_ENV_009.png,"Stress, Pressure, Visual","Поставь мерцающий тревожный свет, повышающий напряжение в зоне."
CARD_PROV_005,Показать рейтинг в реальном времени,Provocation,1.5,Frame_Red_Artist.png,Resources/Art/UI/Cards/Art/CARD_PROV_005.png,"Public, Popularity, Ego",Покажи актёру его текущий рейтинг у зрителей.
CARD_SOC_004,Вызвать бывшего,Social,2.75,Frame_Green_Artist.png,Resources/Art/UI/Cards/Art/CARD_SOC_004.png,"Surprise, Romance, Betrayal, Reunion",Пригласи бывшего партнёра выбранного актёра на съёмку.
CARD_REVEAL_004,Подставной вопрос зрителя,Reveal / Secret,1.5,Frame_Blue_Artist.png,Resources/Art/UI/Cards/Art/CARD_REVEAL_004.png,"Public, Audience, Secret, Provocation","Передай актёру неудобный «вопрос зрителя», который может задеть скрытую тему."
CARD_DECK_006,Копия сценария,Deck Management,2.0,Frame_Blue_Artist.png,Resources/Art/UI/Cards/Art/CARD_DECK_006.png,"Deck, Copy, Combo",Следующая выбранная Action-карта срабатывает второй раз на ту же цель без дополнительной стоимости.
CARD_DECK_007,Сэкономить токены,Deck Management,0.5,Frame_Blue_Artist.png,Resources/Art/UI/Cards/Art/CARD_DECK_007.png,"Deck, Cost, Economy","Следующая сыгранная карта стоит на $1.00 дешевле, но не ниже $0.00."
CARD_CTRL_003,Нужный момент,Control,1.0,Frame_Green_Artist.png,Resources/Art/UI/Cards/Art/CARD_CTRL_003.png,"Footage, Timing, Production","Следующий записанный футаж получает бонус к техническому качеству, если запись начата в течение 10 секунд."
CARD_ENV_010,Скрытая камера,Environment,2.25,Frame_Blue_Artist.png,Resources/Art/UI/Cards/Art/CARD_ENV_010.png,"Private, Secret, Authentic, Camera","Установи скрытую камеру-декорацию. NPC в зоне ведут себя так, словно Public pressure ниже."
CARD_ENV_011,Софит,Environment,1.0,Frame_Blue_Artist.png,Resources/Art/UI/Cards/Art/CARD_ENV_011.png,"Production, Visual, Public","Поставь яркий софит, повышающий качество кадров в зоне, но усиливающий давление на стеснительных актёров."
CARD_CHAOS_003,Пожарная сирена,Chaos / Comedy,2.5,Frame_Red_Artist.png,Resources/Art/UI/Cards/Art/CARD_CHAOS_003.png,"Chaos, Panic, Movement, Public",Включи пожарную сирену. Все актёры получают стресс и пытаются сменить позицию.
CARD_CTRL_004,"Тихо, мотор",Control,0.75,Frame_Green_Artist.png,Resources/Art/UI/Cards/Art/CARD_CTRL_004.png,"Calm, Production, Setup",На короткое время снизь общий шум и вероятность случайных вмешательств в выбранной комнате.
CARD_SOC_005,Подсадить третьего,Social,1.25,Frame_Green_Artist.png,Resources/Art/UI/Cards/Art/CARD_SOC_005.png,"Witness, Triangle, SocialSetup",Подведи к разговору пары подходящего третьего участника.
CARD_REVEAL_005,Оставить телефон без присмотра,Reveal / Secret,1.25,Frame_Blue_Artist.png,Resources/Art/UI/Cards/Art/CARD_REVEAL_005.png,"Secret, Temptation, Theft, Curiosity",Оставь чужой телефон на видном месте. Curious/Jealous NPC могут проверить его.
CARD_PROV_006,Не тот стул,Provocation,0.75,Frame_Red_Artist.png,Resources/Art/UI/Cards/Art/CARD_PROV_006.png,"Petty, Comedy, Humiliation","Подстрой мелкую бытовую подставу, чтобы выбранный актёр оказался в неловком положении."
